Model,MAE,RMSE,R2
Linear Regression,0.8691916661717728,1.3814717275922865,0.6621165289240112
Decision Tree,0.21893729760119535,0.44671373891681265,0.9646701687016672
Random Forest,0.10682057478118641,0.20582789522285694,0.9924994793611503
XGBoost,0.11039755037510418,0.22791972179330594,0.9908029879261051
